Workbook
Name Slicer_Old_Vs_New_Customer: #N/A
Name Slicer_Top_20: #N/A

Sheet Sheet3
A3: Row Labels | B3: Total Sales
A4: East | B4: 1861378
A5: North | B5: 2018159
A6: South | B6: 1889789
A7: West | B7: 1877565
A8: Grand Total | B8: 7646891

Sheet Raw_Data
A1: CustomerID | B1: OrderID | C1: OrderDate | D1: Age | E1: Gender | F1: Region | G1: OrderAmount
A2: 1103 | B2: 50001 | C2: 44927 | D2: 38 | E2: Female | F2: North | G2: 3435
A3: 1436 | B3: 50002 | C3: 44927.243 | D3: 38 | E3: Female | F3: East | G3: 4776
A4: 1271 | B4: 50003 | C4: 44927.487 | D4: 60 | E4: Female | F4: West | G4: 2331
A5: 1107 | B5: 50004 | C5: 44927.73 | D5: 30 | E5: Male | F5: West | G5: 1300
A6: 1072 | B6: 50005 | C6: 44927.974 | D6: 54 | E6: Female | F6: West | G6: 872
A7: 1021 | B7: 50006 | C7: 44928.217 | D7: 50 | E7: Female | F7: East | G7: 716
A8: 1122 | B8: 50007 | C8: 44928.46 | D8: 41 | E8: Male | F8: East | G8: 2732
A9: 1467 | B9: 50008 | C9: 44928.704 | D9: 61 | E9: Male | F9: North | G9: 3870
A10: 1215 | B10: 50009 | C10: 44928.947 | D10: 28 | E10: Female | F10: South | G10: 981
A11: 1331 | B11: 50010 | C11: 44929.191 | D11: 34 | E11: Male | F11: East | G11: 3723
A12: 1459 | B12: 50011 | C12: 44929.434 | D12: 21 | E12: Female | F12: South | G12: 3758
A13: 1088 | B13: 50012 | C13: 44929.678 | D13: 64 | E13: Female | F13: South | G13: 2586
... A3001: 1023 | B3001: 53000 | C3001: 45657 | D3001: 42 | E3001: Female | F3001: West | G3001: 1222

Sheet Sheet4
A3: Row Labels | B3: Sum of CustomerID
A4: New | B4: 36325
A5: Repeat | B5: 736323
A6: Grand Total | B6: 772648

Sheet Sheet1
A3: Row Labels | B3: Sum of Total_Revenue | C3: Sum of CustomerID
A4: Others | B4: 1537175 | C4: 308983
A5: Top Customers | B5: 6109716 | C5: 463665

Sheet Sheet5
A3: Row Labels | B3: Sum of Total_Revenue
A4: New | B4: 77204
A5: Repeat | B5: 7569687

Sheet Sheet6
A3: Row Labels | B3: Sum of Cumulative_Revenue
A4: 1001 | B4: 4554231
A5: 1002 | B5: 3835656
A6: 1003 | B6: 6750088
A7: 1004 | B7: 7562437
A8: 1005 | B8: 4353494
A9: 1006 | B9: 7592485
A10: 1007 | B10: 2734172
A11: 1008 | B11: 3165637
A12: 1009 | B12: 7377054
A13: 1010 | B13: 2312976
A14: 1011 | B14: 6243082
A15: 1012 | B15: 812191
... A597: 1599 | B597: 7488301
A598: Grand Total | B598: 2951777441

Sheet Dashboard

Sheet Sheet8
A1: Row Labels | B1: Sum of Avg_Order_Value
A2: New | B2: 77204

Sheet Sheet2
A1: CustomerID | B1: Total_Orders | C1: Total_Revenue | D1: Avg_Order_Value | E1: Old_Vs_New_Customer | F1: Cumulative_Revenue | G1: Revenue_% | H1: Top_20%
A2: 1154 | B2: =COUNTIF(Raw_Data!A:A,A2) -> 9 | C2: =SUMIFS(Raw_Data!G:G, Raw_Data!A:A, A2) -> 32724 | D2: =C2/B2 -> 3636 | E2: =IF(B2>1,"Repeat","New") -> Repeat | F2: =C2 -> 32724 | G2: =F2/SUM($C:$C) -> 0.0042793862 | H2: =IF(G2<=0.8,"Top Customers","Others") -> Top Customers
A3: 1435 | B3: =COUNTIF(Raw_Data!A:A,A3) -> 10 | C3: =SUMIFS(Raw_Data!G:G, Raw_Data!A:A, A3) -> 31829 | D3: =C3/B3 -> 3182.9 | E3: =IF(B3>1,"Repeat","New") -> Repeat | F3: =F2+C3 -> 64553 | G3: =F3/SUM($C:$C) -> 0.0084417314 | H3: =IF(G3<=0.8,"Top Customers","Others") -> Top Customers
A4: 1476 | B4: =COUNTIF(Raw_Data!A:A,A4) -> 11 | C4: =SUMIFS(Raw_Data!G:G, Raw_Data!A:A, A4) -> 31692 | D4: =C4/B4 -> 2881.0909 | E4: =IF(B4>1,"Repeat","New") -> Repeat | F4: =F3+C4 -> 96245 | G4: =F4/SUM($C:$C) -> 0.012586161 | H4: =IF(G4<=0.8,"Top Customers","Others") -> Top Customers
A5: 1342 | B5: =COUNTIF(Raw_Data!A:A,A5) -> 8 | C5: =SUMIFS(Raw_Data!G:G, Raw_Data!A:A, A5) -> 31625 | D5: =C5/B5 -> 3953.125 | E5: =IF(B5>1,"Repeat","New") -> Repeat | F5: =F4+C5 -> 127870 | G5: =F5/SUM($C:$C) -> 0.016721829 | H5: =IF(G5<=0.8,"Top Customers","Others") -> Top Customers
A6: 1223 | B6: =COUNTIF(Raw_Data!A:A,A6) -> 9 | C6: =SUMIFS(Raw_Data!G:G, Raw_Data!A:A, A6) -> 31604 | D6: =C6/B6 -> 3511.5556 | E6: =IF(B6>1,"Repeat","New") -> Repeat | F6: =F5+C6 -> 159474 | G6: =F6/SUM($C:$C) -> 0.02085475 | H6: =IF(G6<=0.8,"Top Customers","Others") -> Top Customers
A7: 1302 | B7: =COUNTIF(Raw_Data!A:A,A7) -> 10 | C7: =SUMIFS(Raw_Data!G:G, Raw_Data!A:A, A7) -> 31497 | D7: =C7/B7 -> 3149.7 | E7: =IF(B7>1,"Repeat","New") -> Repeat | F7: =F6+C7 -> 190971 | G7: =F7/SUM($C:$C) -> 0.024973679 | H7: =IF(G7<=0.8,"Top Customers","Others") -> Top Customers
A8: 1075 | B8: =COUNTIF(Raw_Data!A:A,A8) -> 12 | C8: =SUMIFS(Raw_Data!G:G, Raw_Data!A:A, A8) -> 30814 | D8: =C8/B8 -> 2567.8333 | E8: =IF(B8>1,"Repeat","New") -> Repeat | F8: =F7+C8 -> 221785 | G8: =F8/SUM($C:$C) -> 0.02900329 | H8: =IF(G8<=0.8,"Top Customers","Others") -> Top Customers
A9: 1183 | B9: =COUNTIF(Raw_Data!A:A,A9) -> 9 | C9: =SUMIFS(Raw_Data!G:G, Raw_Data!A:A, A9) -> 30544 | D9: =C9/B9 -> 3393.7778 | E9: =IF(B9>1,"Repeat","New") -> Repeat | F9: =F8+C9 -> 252329 | G9: =F9/SUM($C:$C) -> 0.032997593 | H9: =IF(G9<=0.8,"Top Customers","Others") -> Top Customers
A10: 1160 | B10: =COUNTIF(Raw_Data!A:A,A10) -> 8 | C10: =SUMIFS(Raw_Data!G:G, Raw_Data!A:A, A10) -> 30277 | D10: =C10/B10 -> 3784.625 | E10: =IF(B10>1,"Repeat","New") -> Repeat | F10: =F9+C10 -> 282606 | G10: =F10/SUM($C:$C) -> 0.03695698 | H10: =IF(G10<=0.8,"Top Customers","Others") -> Top Customers
A11: 1344 | B11: =COUNTIF(Raw_Data!A:A,A11) -> 9 | C11: =SUMIFS(Raw_Data!G:G, Raw_Data!A:A, A11) -> 29957 | D11: =C11/B11 -> 3328.5556 | E11: =IF(B11>1,"Repeat","New") -> Repeat | F11: =F10+C11 -> 312563 | G11: =F11/SUM($C:$C) -> 0.04087452 | H11: =IF(G11<=0.8,"Top Customers","Others") -> Top Customers
A12: 1288 | B12: =COUNTIF(Raw_Data!A:A,A12) -> 8 | C12: =SUMIFS(Raw_Data!G:G, Raw_Data!A:A, A12) -> 29780 | D12: =C12/B12 -> 3722.5 | E12: =IF(B12>1,"Repeat","New") -> Repeat | F12: =F11+C12 -> 342343 | G12: =F12/SUM($C:$C) -> 0.044768913 | H12: =IF(G12<=0.8,"Top Customers","Others") -> Top Customers
A13: 1084 | B13: =COUNTIF(Raw_Data!A:A,A13) -> 10 | C13: =SUMIFS(Raw_Data!G:G, Raw_Data!A:A, A13) -> 29588 | D13: =C13/B13 -> 2958.8 | E13: =IF(B13>1,"Repeat","New") -> Repeat | F13: =F12+C13 -> 371931 | G13: =F13/SUM($C:$C) -> 0.048638198 | H13: =IF(G13<=0.8,"Top Customers","Others") -> Top Customers
A14: 1526 | B14: =COUNTIF(Raw_Data!A:A,A14) -> 10 | C14: =SUMIFS(Raw_Data!G:G, Raw_Data!A:A, A14) -> 29328 | D14: =C14/B14 -> 2932.8 | E14: =IF(B14>1,"Repeat","New") -> Repeat | F14: =F13+C14 -> 401259 | G14: =F14/SUM($C:$C) -> 0.052473482 | H14: =IF(G14<=0.8,"Top Customers","Others") -> Top Customers
... A595: 1545 | B595: =COUNTIF(Raw_Data!A:A,A595) -> 1 | C595: =SUMIFS(Raw_Data!G:G, Raw_Data!A:A, A595) -> 225 | D595: =C595/B595 -> 225 | E595: =IF(B595>1,"Repeat","New") -> New | F595: =F594+C595 -> 7646891 | G595: =F595/SUM($C:$C) -> 1 | H595: =IF(G595<=0.8,"Top Customers","Others") -> Others
